method,score,decision,latency_ms,cost_usd,D_hat,coh_star,r_LZ,sample_id,ground_truth,degeneracy_type,raw_score,tokens,consistency_scores,n_samples
ASV,0.31588541666666664,reject,46.054840087890625,2e-06,0.5,0.1875,0.04296875,sample_0000,True,repetition_loop,,,,
ASV,0.3324404761904762,reject,58.23993682861328,2e-06,0.5,0.20535714285714285,0.044642857142857144,sample_0001,True,semantic_drift,,,,
ASV,0.6359349228458083,accept,45.35222053527832,2e-06,1.4059909391804482,0.17777777777777778,0.1597222222222222,sample_0002,True,incoherent,,,,
ASV,0.6402315725469145,accept,65.68193435668945,2e-06,1.47491020269024,0.21212121212121213,0.11931818181818182,sample_0003,False,normal,,,,
ASV,0.31588541666666664,reject,46.25201225280762,2e-06,0.5,0.1875,0.04296875,sample_0004,True,repetition_loop,,,,
ASV,0.3381098075294528,reject,82.02290534973145,2e-06,0.5402410118609202,0.17857142857142858,0.06324404761904762,sample_0005,True,semantic_drift,,,,
ASV,0.5684027777777778,reject,55.77278137207031,2e-06,1.5208488438397725,0.20833333333333334,0.04479166666666667,sample_0006,True,incoherent,,,,
ASV,0.5728535353535353,reject,58.59994888305664,2e-06,1.5248056301815454,0.19696969696969696,0.058712121212121215,sample_0007,False,normal,,,,
ASV,0.3490384615384615,reject,77.05879211425781,2e-06,0.5,0.19230769230769232,0.07211538461538461,sample_0008,True,repetition_loop,,,,
ASV,0.3963106880381625,reject,62.78824806213379,2e-06,0.7545968262860026,0.2,0.05357142857142857,sample_0009,True,semantic_drift,,,,
ASV,0.6147101977302121,accept,44.79527473449707,2e-06,1.4499484664628133,0.2,0.10972222222222222,sample_0010,True,incoherent,,,,
ASV,0.5141895680856553,reject,34.047842025756836,2e-06,1.203669577509951,0.2,0.06666666666666667,sample_0011,False,normal,,,,
ASV,0.31588541666666664,reject,48.375844955444336,2e-06,0.5,0.1875,0.04296875,sample_0012,True,repetition_loop,,,,
ASV,0.2958994708994709,reject,57.527780532836914,2e-06,0.5,0.1746031746031746,0.03373015873015873,sample_0013,True,semantic_drift,,,,
ASV,0.5851770246772007,reject,47.38473892211914,2e-06,1.4864729629022886,0.19,0.08,sample_0014,True,incoherent,,,,
ASV,0.5475537026088249,reject,69.57387924194336,2e-06,1.424039677847345,0.1794871794871795,0.06570512820512821,sample_0015,False,normal,,,,
ASV,0.3591435185185185,reject,36.48996353149414,2e-06,0.5,0.2222222222222222,0.057291666666666664,sample_0016,True,repetition_loop,,,,
ASV,0.35079365079365077,reject,39.97397422790527,2e-06,0.5,0.20238095238095238,0.06547619047619048,sample_0017,True,semantic_drift,,,,
ASV,0.6427083333333333,accept,55.249929428100586,2e-06,1.5045217015691856,0.225,0.10520833333333333,sample_0018,True,incoherent,,,,
ASV,0.5729662698412699,reject,73.61888885498047,2e-06,1.5248056301815454,0.18452380952380953,0.06919642857142858,sample_0019,False,normal,,,,
ASV,0.37939814814814815,reject,36.14616394042969,2e-06,0.5,0.2361111111111111,0.06597222222222222,sample_0020,True,repetition_loop,,,,
ASV,0.31346726190476193,reject,57.59716033935547,2e-06,0.5,0.17857142857142858,0.04799107142857143,sample_0021,True,semantic_drift,,,,
ASV,0.7030769858056358,accept,50.14300346374512,2e-06,1.433641627478699,0.18181818181818182,0.21704545454545454,sample_0022,True,incoherent,,,,
ASV,0.5600741476846163,reject,35.94017028808594,2e-06,1.3859328551562924,0.19444444444444445,0.07465277777777778,sample_0023,False,normal,,,,
ASV,0.3245039682539682,reject,41.13316535949707,2e-06,0.5,0.19047619047619047,0.049107142857142856,sample_0024,True,repetition_loop,,,,
ASV,0.4303571428571428,reject,34.374237060546875,2e-06,0.5,0.22857142857142856,0.12321428571428572,sample_0025,True,semantic_drift,,,,
ASV,0.5759288308265915,reject,60.43887138366699,2e-06,1.4531565277183591,0.2,0.07019230769230769,sample_0026,True,incoherent,,,,
ASV,0.6424829572810945,accept,34.12294387817383,2e-06,1.2406015629507225,0.19444444444444445,0.1909722222222222,sample_0027,False,normal,,,,
ASV,0.2909722222222222,reject,54.84795570373535,2e-06,0.5,0.16666666666666666,0.035416666666666666,sample_0028,True,repetition_loop,,,,
ASV,0.4187830687830688,reject,57.012081146240234,2e-06,0.875,0.18253968253968253,0.0625,sample_0029,True,semantic_drift,,,,
ASV,0.6473562033014658,accept,33.47301483154297,2e-06,1.3152000549654659,0.18571428571428572,0.18571428571428572,sample_0030,True,incoherent,,,,
ASV,0.6207597628396442,accept,35.52389144897461,2e-06,1.3211132693127605,0.20833333333333334,0.1388888888888889,sample_0031,False,normal,,,,
ASV,0.29501262626262625,reject,66.47825241088867,2e-06,0.5,0.17424242424242425,0.03314393939393939,sample_0032,True,repetition_loop,,,,
ASV,0.3469742063492064,reject,76.46012306213379,2e-06,0.625,0.17261904761904762,0.057291666666666664,sample_0033,True,semantic_drift,,,,
ASV,0.6984685278516829,accept,47.69730567932129,2e-06,1.4577222622214983,0.19,0.2,sample_0034,True,incoherent,,,,
ASV,0.5586489898989899,reject,60.25981903076172,2e-06,1.5323207542362416,0.17424242424242425,0.0634469696969697,sample_0035,False,normal,,,,
ASV,0.36597222222222225,reject,29.68001365661621,2e-06,0.5,0.21666666666666667,0.06875,sample_0036,True,repetition_loop,,,,
ASV,0.3675483360672144,reject,77.1479606628418,2e-06,0.8587955899479256,0.16666666666666666,0.028273809523809524,sample_0037,True,semantic_drift,,,,
ASV,0.7278508854797678,accept,22.931337356567383,2e-06,1.3443609377704335,0.26,0.1975,sample_0038,True,incoherent,,,,
ASV,0.6280257936507936,accept,76.74121856689453,2e-06,1.559181511119029,0.18452380952380953,0.12425595238095238,sample_0039,False,normal,,,,
ASV,0.36765873015873013,reject,39.88194465637207,2e-06,0.5,0.19047619047619047,0.09226190476190477,sample_0040,True,repetition_loop,,,,
ASV,0.3398459186405639,reject,40.364980697631836,2e-06,0.5402410118609202,0.19047619047619047,0.05505952380952381,sample_0041,True,semantic_drift,,,,
ASV,0.6015155322679818,accept,38.24019432067871,2e-06,1.3323879954342077,0.225,0.103125,sample_0042,True,incoherent,,,,
ASV,0.6139402123337112,accept,50.9648323059082,2e-06,1.432428952329662,0.17592592592592593,0.13310185185185186,sample_0043,False,normal,,,,
ASV,0.33599537037037036,reject,33.843040466308594,2e-06,0.5,0.19444444444444445,0.057291666666666664,sample_0044,True,repetition_loop,,,,
ASV,0.34753401360544217,reject,46.08321189880371,2e-06,0.5,0.21428571428571427,0.05229591836734694,sample_0045,True,semantic_drift,,,,
ASV,0.6738978858087713,accept,62.42704391479492,2e-06,1.4059909391804482,0.19230769230769232,0.18557692307692308,sample_0046,True,incoherent,,,,
ASV,0.7151351945183496,accept,67.33584403991699,2e-06,1.4577222622214983,0.20454545454545456,0.20454545454545456,sample_0047,False,normal,,,,
ASV,0.3707175925925926,reject,36.921024322509766,2e-06,0.5,0.2361111111111111,0.057291666666666664,sample_0048,True,repetition_loop,,,,
ASV,0.3373657599104052,reject,55.03487586975098,2e-06,0.5402410118609202,0.17857142857142858,0.0625,sample_0049,True,semantic_drift,,,,
ASV,0.622980036656495,accept,47.62411117553711,2e-06,1.3377715856706933,0.19,0.1525,sample_0050,True,incoherent,,,,
ASV,0.6538354781553504,accept,30.145645141601562,2e-06,1.2961996682848347,0.21666666666666667,0.17083333333333334,sample_0051,False,normal,,,,
ASV,0.3206597222222222,reject,68.46880912780762,2e-06,0.5,0.20833333333333334,0.030381944444444444,sample_0052,True,repetition_loop,,,,
ASV,0.32979785189334676,reject,62.57891654968262,2e-06,0.6009193652572005,0.18571428571428572,0.03482142857142857,sample_0053,True,semantic_drift,,,,
ASV,0.6622101436441483,accept,47.45912551879883,2e-06,1.3934006156177785,0.19,0.17875,sample_0054,True,incoherent,,,,
ASV,0.5820335384062991,reject,49.79300498962402,2e-06,1.4196940005772605,0.17592592592592593,0.10416666666666667,sample_0055,False,normal,,,,
ASV,0.3602182539682539,reject,39.67881202697754,2e-06,0.5,0.2261904761904762,0.05505952380952381,sample_0056,True,repetition_loop,,,,
ASV,0.3485615079365079,reject,74.82075691223145,2e-06,0.5,0.22023809523809523,0.04836309523809524,sample_0057,True,semantic_drift,,,,
ASV,0.6117238656013151,accept,49.20482635498047,2e-06,1.3323879954342077,0.19,0.1425,sample_0058,True,incoherent,,,,
ASV,0.5949252136752137,reject,74.35488700866699,2e-06,1.559181511119029,0.1987179487179487,0.07932692307692307,sample_0059,False,normal,,,,
ASV,0.31030982905982907,reject,67.81220436096191,2e-06,0.5,0.1987179487179487,0.028044871794871796,sample_0060,True,repetition_loop,,,,
ASV,0.3553571428571428,reject,35.202980041503906,2e-06,0.5,0.18571428571428572,0.08392857142857142,sample_0061,True,semantic_drift,,,,
ASV,0.6038134462112069,accept,60.36114692687988,2e-06,1.4531565277183591,0.17692307692307693,0.11730769230769231,sample_0062,True,incoherent,,,,
ASV,0.5361202916979319,reject,64.14484977722168,2e-06,1.391160377118121,0.1736111111111111,0.06684027777777778,sample_0063,False,normal,,,,
ASV,0.3245039682539682,reject,41.3661003112793,2e-06,0.5,0.19047619047619047,0.049107142857142856,sample_0064,True,repetition_loop,,,,
ASV,0.3880208333333333,reject,53.925275802612305,2e-06,0.625,0.24107142857142858,0.041294642857142856,sample_0065,True,semantic_drift,,,,
ASV,0.5941417377436129,reject,45.15504837036133,2e-06,1.357829669694849,0.2111111111111111,0.10138888888888889,sample_0066,True,incoherent,,,,
ASV,0.5934173472119924,reject,55.53412437438965,2e-06,1.4152410118609202,0.18333333333333332,0.11041666666666666,sample_0067,False,normal,,,,
ASV,0.29796626984126984,reject,73.70328903198242,2e-06,0.5,0.18452380952380953,0.027529761904761904,sample_0068,True,repetition_loop,,,,
ASV,0.3655501123033424,reject,91.0499095916748,2e-06,0.8286695775099512,0.1683673469387755,0.03188775510204082,sample_0069,True,semantic_drift,,,,
ASV,0.6291918622324754,accept,23.375988006591797,2e-06,1.2893936952820375,0.22,0.145,sample_0070,True,incoherent,,,,
ASV,0.7249927792738851,accept,30.124187469482422,2e-06,1.3154452445071265,0.21666666666666667,0.2375,sample_0071,False,normal,,,,
ASV,0.35,reject,29.296875,2e-06,0.5,0.2,0.06666666666666667,sample_0072,True,repetition_loop,,,,
ASV,0.3212092973253712,reject,49.35288429260254,2e-06,0.5402410118609202,0.1836734693877551,0.042091836734693876,sample_0073,True,semantic_drift,,,,
ASV,0.6718457153096155,accept,23.431062698364258,2e-06,1.1864816370412092,0.24,0.195,sample_0074,True,incoherent,,,,
ASV,0.6476223923862838,accept,36.85498237609863,2e-06,1.3692745387983594,0.20833333333333334,0.1545138888888889,sample_0075,False,normal,,,,
ASV,0.297511574074074,reject,64.16678428649902,2e-06,0.5,0.18055555555555555,0.030381944444444444,sample_0076,True,repetition_loop,,,,
ASV,0.29837766467231,reject,62.10494041442871,2e-06,0.5402410118609202,0.17142857142857143,0.029464285714285714,sample_0077,True,semantic_drift,,,,
ASV,0.564418902809043,reject,44.17705535888672,2e-06,1.391160377118121,0.17777777777777778,0.09166666666666666,sample_0078,True,incoherent,,,,
ASV,0.6318423717001367,accept,34.52801704406738,2e-06,1.3090863549053475,0.20833333333333334,0.1527777777777778,sample_0079,False,normal,,,,
ASV,0.3326388888888889,reject,55.58609962463379,2e-06,0.5,0.21666666666666667,0.035416666666666666,sample_0080,True,repetition_loop,,,,
ASV,0.35433673469387755,reject,49.237966537475586,2e-06,0.5,0.23469387755102042,0.042091836734693876,sample_0081,True,semantic_drift,,,,
ASV,0.5637623704533602,reject,43.98488998413086,2e-06,1.326838730514401,0.2,0.0875,sample_0082,True,incoherent,,,,
ASV,0.5794969226272076,reject,36.058902740478516,2e-06,1.3997288747515246,0.2222222222222222,0.06770833333333333,sample_0083,False,normal,,,,
ASV,0.3475694444444445,reject,35.71629524230957,2e-06,0.5,0.20833333333333334,0.057291666666666664,sample_0084,True,repetition_loop,,,,
ASV,0.3684504159950613,reject,59.101104736328125,2e-06,0.5402410118609202,0.18253968253968253,0.09027777777777778,sample_0085,True,semantic_drift,,,,
ASV,0.541399204728649,reject,57.7850341796875,2e-06,1.3530204012180198,0.18333333333333332,0.07291666666666667,sample_0086,True,incoherent,,,,
ASV,0.6994373300072021,accept,35.524845123291016,2e-06,1.2961996682848347,0.2222222222222222,0.21180555555555555,sample_0087,False,normal,,,,
ASV,0.297511574074074,reject,64.85891342163086,2e-06,0.5,0.18055555555555555,0.030381944444444444,sample_0088,True,repetition_loop,,,,
ASV,0.32111118115582643,reject,81.70080184936523,2e-06,0.5402410118609202,0.1813186813186813,0.04395604395604396,sample_0089,True,semantic_drift,,,,
ASV,0.6487352847438301,accept,21.921873092651367,2e-06,1.1017226489021295,0.26,0.175,sample_0090,True,incoherent,,,,
ASV,0.6758303760260903,accept,46.35214805603027,2e-06,1.4436629210641967,0.17708333333333334,0.19140625,sample_0091,False,normal,,,,
ASV,0.3395833333333333,reject,59.59200859069824,2e-06,0.5,0.225,0.035416666666666666,sample_0092,True,repetition_loop,,,,
ASV,0.30642330976880466,reject,88.40084075927734,2e-06,0.6009193652572005,0.16483516483516483,0.028846153846153848,sample_0093,True,semantic_drift,,,,
ASV,0.6345833333333333,accept,47.7597713470459,2e-06,1.527223892011188,0.22,0.10125,sample_0094,True,incoherent,,,,
ASV,0.6408424885104208,accept,59.918880462646484,2e-06,1.4707643446983403,0.19696969696969696,0.13352272727272727,sample_0095,False,normal,,,,
ASV,0.29151785714285716,reject,75.042724609375,2e-06,0.5,0.17857142857142858,0.026041666666666668,sample_0096,True,repetition_loop,,,,
ASV,0.3456990932437385,reject,47.34468460083008,2e-06,0.6652410118609202,0.17346938775510204,0.04591836734693878,sample_0097,True,semantic_drift,,,,
ASV,0.6149306375408823,accept,50.669193267822266,2e-06,1.34807935569469,0.18181818181818182,0.14886363636363636,sample_0098,True,incoherent,,,,
ASV,0.6108100221469548,accept,65.86027145385742,2e-06,1.4868048568202827,0.1875,0.1076388888888889,sample_0099,False,normal,,,,
GPT-4 Judge,0.0,reject,3397.8421688079834,0.0027500000000000003,,,,sample_0000,True,repetition_loop,10.0,"{'input': 272, 'output': 1}",,
GPT-4 Judge,0.0,reject,3245.975971221924,0.00299,,,,sample_0001,True,semantic_drift,10.0,"{'input': 296, 'output': 1}",,
GPT-4 Judge,0.0,reject,1351.0830402374268,0.0026300000000000004,,,,sample_0002,True,incoherent,10.0,"{'input': 260, 'output': 1}",,
GPT-4 Judge,0.0,reject,2126.420021057129,0.00315,,,,sample_0003,False,normal,10.0,"{'input': 312, 'output': 1}",,
GPT-4 Judge,0.0,reject,1804.9399852752686,0.0027500000000000003,,,,sample_0004,True,repetition_loop,10.0,"{'input': 272, 'output': 1}",,
GPT-4 Judge,0.0,reject,2818.070888519287,0.0035299999999999997,,,,sample_0005,True,semantic_drift,10.0,"{'input': 350, 'output': 1}",,
GPT-4 Judge,0.0,reject,1358.8175773620605,0.00299,,,,sample_0006,True,incoherent,10.0,"{'input': 296, 'output': 1}",,
GPT-4 Judge,0.0,reject,641.0789489746094,0.00315,,,,sample_0007,False,normal,10.0,"{'input': 312, 'output': 1}",,
GPT-4 Judge,0.0,reject,3538.4719371795654,0.0035,,,,sample_0008,True,repetition_loop,10.0,"{'input': 347, 'output': 1}",,
GPT-4 Judge,0.0,reject,692.533016204834,0.00335,,,,sample_0009,True,semantic_drift,10.0,"{'input': 332, 'output': 1}",,
GPT-4 Judge,0.0,reject,1251.471757888794,0.0026300000000000004,,,,sample_0010,True,incoherent,10.0,"{'input': 260, 'output': 1}",,
GPT-4 Judge,0.0,reject,1335.89768409729,0.0023000000000000004,,,,sample_0011,False,normal,10.0,"{'input': 227, 'output': 1}",,
GPT-4 Judge,0.0,reject,1132.01904296875,0.0027500000000000003,,,,sample_0012,True,repetition_loop,10.0,"{'input': 272, 'output': 1}",,
GPT-4 Judge,0.0,reject,2552.1793365478516,0.00317,,,,sample_0013,True,semantic_drift,10.0,"{'input': 314, 'output': 1}",,
GPT-4 Judge,0.0,reject,1278.1498432159424,0.0027500000000000003,,,,sample_0014,True,incoherent,10.0,"{'input': 272, 'output': 1}",,
GPT-4 Judge,0.0,reject,2874.1958141326904,0.00315,,,,sample_0015,False,normal,10.0,"{'input': 312, 'output': 1}",,
GPT-4 Judge,0.0,reject,2263.3328437805176,0.00245,,,,sample_0016,True,repetition_loop,10.0,"{'input': 242, 'output': 1}",,
GPT-4 Judge,0.0,reject,1377.7379989624023,0.0026300000000000004,,,,sample_0017,True,semantic_drift,10.0,"{'input': 260, 'output': 1}",,
GPT-4 Judge,0.0,reject,2189.1913414001465,0.00299,,,,sample_0018,True,incoherent,10.0,"{'input': 296, 'output': 1}",,
GPT-4 Judge,0.0,reject,2918.4610843658447,0.00315,,,,sample_0019,False,normal,10.0,"{'input': 312, 'output': 1}",,
GPT-4 Judge,0.0,reject,716.0439491271973,0.00245,,,,sample_0020,True,repetition_loop,10.0,"{'input': 242, 'output': 1}",,
GPT-4 Judge,0.0,reject,2801.6419410705566,0.00299,,,,sample_0021,True,semantic_drift,10.0,"{'input': 296, 'output': 1}",,
GPT-4 Judge,0.0,reject,2342.0679569244385,0.0028699999999999997,,,,sample_0022,True,incoherent,10.0,"{'input': 284, 'output': 1}",,
GPT-4 Judge,0.0,reject,1412.9998683929443,0.00245,,,,sample_0023,False,normal,10.0,"{'input': 242, 'output': 1}",,
GPT-4 Judge,0.0,reject,2881.734848022461,0.0026000000000000003,,,,sample_0024,True,repetition_loop,10.0,"{'input': 257, 'output': 1}",,
GPT-4 Judge,0.0,reject,811.333179473877,0.00245,,,,sample_0025,True,semantic_drift,10.0,"{'input': 242, 'output': 1}",,
GPT-4 Judge,0.0,reject,2377.8481483459473,0.00311,,,,sample_0026,True,incoherent,10.0,"{'input': 308, 'output': 1}",,
GPT-4 Judge,0.0,reject,990.9560680389404,0.00245,,,,sample_0027,False,normal,10.0,"{'input': 242, 'output': 1}",,
GPT-4 Judge,0.0,reject,2674.8058795928955,0.00305,,,,sample_0028,True,repetition_loop,10.0,"{'input': 302, 'output': 1}",,
GPT-4 Judge,0.0,reject,2854.7658920288086,0.00317,,,,sample_0029,True,semantic_drift,10.0,"{'input': 314, 'output': 1}",,
GPT-4 Judge,0.0,reject,2812.140941619873,0.00239,,,,sample_0030,True,incoherent,10.0,"{'input': 236, 'output': 1}",,
GPT-4 Judge,0.0,reject,1827.1689414978027,0.00245,,,,sample_0031,False,normal,10.0,"{'input': 242, 'output': 1}",,
GPT-4 Judge,0.0,reject,1190.2458667755127,0.0032,,,,sample_0032,True,repetition_loop,10.0,"{'input': 317, 'output': 1}",,
GPT-4 Judge,0.0,reject,2966.4669036865234,0.0035299999999999997,,,,sample_0033,True,semantic_drift,10.0,"{'input': 350, 'output': 1}",,
GPT-4 Judge,0.0,reject,2977.982997894287,0.0027500000000000003,,,,sample_0034,True,incoherent,10.0,"{'input': 272, 'output': 1}",,
GPT-4 Judge,0.0,reject,811.9213581085205,0.00315,,,,sample_0035,False,normal,10.0,"{'input': 312, 'output': 1}",,
GPT-4 Judge,0.0,reject,2803.0762672424316,0.0023000000000000004,,,,sample_0036,True,repetition_loop,10.0,"{'input': 227, 'output': 1}",,
GPT-4 Judge,0.0,reject,1081.4247131347656,0.0035299999999999997,,,,sample_0037,True,semantic_drift,10.0,"{'input': 350, 'output': 1}",,
GPT-4 Judge,0.0,reject,1050.9707927703857,0.00215,,,,sample_0038,True,incoherent,10.0,"{'input': 212, 'output': 1}",,
GPT-4 Judge,0.0,reject,1246.269941329956,0.00315,,,,sample_0039,False,normal,10.0,"{'input': 312, 'output': 1}",,
GPT-4 Judge,0.0,reject,2202.700138092041,0.0026000000000000003,,,,sample_0040,True,repetition_loop,10.0,"{'input': 257, 'output': 1}",,
GPT-4 Judge,0.0,reject,1331.085205078125,0.0026300000000000004,,,,sample_0041,True,semantic_drift,10.0,"{'input': 260, 'output': 1}",,
GPT-4 Judge,0.0,reject,2682.231903076172,0.00251,,,,sample_0042,True,incoherent,10.0,"{'input': 248, 'output': 1}",,
GPT-4 Judge,0.0,reject,2560.728073120117,0.0029,,,,sample_0043,False,normal,10.0,"{'input': 287, 'output': 1}",,
GPT-4 Judge,0.0,reject,1210.7150554656982,0.00245,,,,sample_0044,True,repetition_loop,10.0,"{'input': 242, 'output': 1}",,
GPT-4 Judge,0.0,reject,2720.930814743042,0.0028100000000000004,,,,sample_0045,True,semantic_drift,10.0,"{'input': 278, 'output': 1}",,
GPT-4 Judge,0.0,reject,2540.0238037109375,0.00311,,,,sample_0046,True,incoherent,10.0,"{'input': 308, 'output': 1}",,
GPT-4 Judge,0.0,reject,1553.6127090454102,0.00315,,,,sample_0047,False,normal,10.0,"{'input': 312, 'output': 1}",,
GPT-4 Judge,0.0,reject,1680.427074432373,0.00245,,,,sample_0048,True,repetition_loop,10.0,"{'input': 242, 'output': 1}",,
GPT-4 Judge,0.0,reject,2175.804853439331,0.00299,,,,sample_0049,True,semantic_drift,10.0,"{'input': 296, 'output': 1}",,
GPT-4 Judge,0.0,reject,1295.1960563659668,0.0027500000000000003,,,,sample_0050,True,incoherent,10.0,"{'input': 272, 'output': 1}",,
GPT-4 Judge,0.0,reject,1054.0528297424316,0.0023000000000000004,,,,sample_0051,False,normal,10.0,"{'input': 227, 'output': 1}",,
GPT-4 Judge,0.0,reject,2434.8418712615967,0.00335,,,,sample_0052,True,repetition_loop,10.0,"{'input': 332, 'output': 1}",,
GPT-4 Judge,0.0,reject,1070.0657367706299,0.00335,,,,sample_0053,True,semantic_drift,10.0,"{'input': 332, 'output': 1}",,
GPT-4 Judge,0.0,reject,971.8701839447021,0.0027500000000000003,,,,sample_0054,True,incoherent,10.0,"{'input': 272, 'output': 1}",,
GPT-4 Judge,0.0,reject,2893.75376701355,0.0029,,,,sample_0055,False,normal,10.0,"{'input': 287, 'output': 1}",,
GPT-4 Judge,0.0,reject,1112.5068664550781,0.0026000000000000003,,,,sample_0056,True,repetition_loop,10.0,"{'input': 257, 'output': 1}",,
GPT-4 Judge,0.0,reject,1036.8483066558838,0.0035299999999999997,,,,sample_0057,True,semantic_drift,10.0,"{'input': 350, 'output': 1}",,
GPT-4 Judge,0.0,reject,1765.0928497314453,0.0027500000000000003,,,,sample_0058,True,incoherent,10.0,"{'input': 272, 'output': 1}",,
GPT-4 Judge,0.0,reject,1581.3977718353271,0.00315,,,,sample_0059,False,normal,10.0,"{'input': 312, 'output': 1}",,
GPT-4 Judge,0.0,reject,2788.184881210327,0.0035,,,,sample_0060,True,repetition_loop,10.0,"{'input': 347, 'output': 1}",,
GPT-4 Judge,0.0,reject,2274.7128009796143,0.00245,,,,sample_0061,True,semantic_drift,10.0,"{'input': 242, 'output': 1}",,
GPT-4 Judge,0.0,reject,2912.9791259765625,0.00311,,,,sample_0062,True,incoherent,10.0,"{'input': 308, 'output': 1}",,
GPT-4 Judge,0.0,reject,1381.965160369873,0.00315,,,,sample_0063,False,normal,10.0,"{'input': 312, 'output': 1}",,
GPT-4 Judge,0.0,reject,2020.8168029785156,0.0026000000000000003,,,,sample_0064,True,repetition_loop,10.0,"{'input': 257, 'output': 1}",,
GPT-4 Judge,0.0,reject,1285.8848571777344,0.00299,,,,sample_0065,True,semantic_drift,10.0,"{'input': 296, 'output': 1}",,
GPT-4 Judge,0.0,reject,1909.419059753418,0.0026300000000000004,,,,sample_0066,True,incoherent,10.0,"{'input': 260, 'output': 1}",,
GPT-4 Judge,0.0,reject,1332.139015197754,0.00305,,,,sample_0067,False,normal,10.0,"{'input': 302, 'output': 1}",,
GPT-4 Judge,0.0,reject,1715.2502536773682,0.0035499999999999998,,,,sample_0068,True,repetition_loop,10.0,"{'input': 352, 'output': 1}",,
GPT-4 Judge,0.0,reject,1018.9151763916016,0.0035299999999999997,,,,sample_0069,True,semantic_drift,10.0,"{'input': 350, 'output': 1}",,
GPT-4 Judge,0.0,reject,728.7740707397461,0.00215,,,,sample_0070,True,incoherent,10.0,"{'input': 212, 'output': 1}",,
GPT-4 Judge,0.0,reject,983.3147525787354,0.0023000000000000004,,,,sample_0071,False,normal,10.0,"{'input': 227, 'output': 1}",,
GPT-4 Judge,0.0,reject,1294.4848537445068,0.0023000000000000004,,,,sample_0072,True,repetition_loop,10.0,"{'input': 227, 'output': 1}",,
GPT-4 Judge,0.0,reject,2964.5111560821533,0.0028100000000000004,,,,sample_0073,True,semantic_drift,10.0,"{'input': 278, 'output': 1}",,
GPT-4 Judge,0.0,reject,691.2951469421387,0.00215,,,,sample_0074,True,incoherent,10.0,"{'input': 212, 'output': 1}",,
GPT-4 Judge,0.0,reject,636.5020275115967,0.00245,,,,sample_0075,False,normal,10.0,"{'input': 242, 'output': 1}",,
GPT-4 Judge,0.0,reject,2908.733367919922,0.00335,,,,sample_0076,True,repetition_loop,10.0,"{'input': 332, 'output': 1}",,
GPT-4 Judge,0.0,reject,1356.5618991851807,0.00335,,,,sample_0077,True,semantic_drift,10.0,"{'input': 332, 'output': 1}",,
GPT-4 Judge,0.0,reject,936.3389015197754,0.0026300000000000004,,,,sample_0078,True,incoherent,10.0,"{'input': 260, 'output': 1}",,
GPT-4 Judge,0.0,reject,1763.4780406951904,0.00245,,,,sample_0079,False,normal,10.0,"{'input': 242, 'output': 1}",,
GPT-4 Judge,0.0,reject,627.485990524292,0.00305,,,,sample_0080,True,repetition_loop,10.0,"{'input': 302, 'output': 1}",,
GPT-4 Judge,0.0,reject,1828.294038772583,0.0028100000000000004,,,,sample_0081,True,semantic_drift,10.0,"{'input': 278, 'output': 1}",,
GPT-4 Judge,0.0,reject,2522.618055343628,0.0026300000000000004,,,,sample_0082,True,incoherent,10.0,"{'input': 260, 'output': 1}",,
GPT-4 Judge,0.0,reject,881.8552494049072,0.00245,,,,sample_0083,False,normal,10.0,"{'input': 242, 'output': 1}",,
GPT-4 Judge,0.0,reject,958.0233097076416,0.00245,,,,sample_0084,True,repetition_loop,10.0,"{'input': 242, 'output': 1}",,
GPT-4 Judge,0.0,reject,1381.350040435791,0.00317,,,,sample_0085,True,semantic_drift,10.0,"{'input': 314, 'output': 1}",,
GPT-4 Judge,0.0,reject,646.2469100952148,0.00299,,,,sample_0086,True,incoherent,10.0,"{'input': 296, 'output': 1}",,
GPT-4 Judge,0.0,reject,778.1648635864258,0.00245,,,,sample_0087,False,normal,10.0,"{'input': 242, 'output': 1}",,
GPT-4 Judge,0.0,reject,2582.6072692871094,0.00335,,,,sample_0088,True,repetition_loop,10.0,"{'input': 332, 'output': 1}",,
GPT-4 Judge,0.0,reject,2954.5488357543945,0.0035299999999999997,,,,sample_0089,True,semantic_drift,10.0,"{'input': 350, 'output': 1}",,
GPT-4 Judge,0.0,reject,707.6339721679688,0.00215,,,,sample_0090,True,incoherent,10.0,"{'input': 212, 'output': 1}",,
GPT-4 Judge,0.0,reject,2254.469871520996,0.0027500000000000003,,,,sample_0091,False,normal,10.0,"{'input': 272, 'output': 1}",,
GPT-4 Judge,0.0,reject,2456.101894378662,0.00305,,,,sample_0092,True,repetition_loop,10.0,"{'input': 302, 'output': 1}",,
GPT-4 Judge,0.0,reject,1024.0581035614014,0.0035299999999999997,,,,sample_0093,True,semantic_drift,10.0,"{'input': 350, 'output': 1}",,
GPT-4 Judge,0.0,reject,2788.3758544921875,0.0027500000000000003,,,,sample_0094,True,incoherent,10.0,"{'input': 272, 'output': 1}",,
GPT-4 Judge,0.0,reject,1476.4437675476074,0.00315,,,,sample_0095,False,normal,10.0,"{'input': 312, 'output': 1}",,
GPT-4 Judge,0.0,reject,1611.2430095672607,0.0035499999999999998,,,,sample_0096,True,repetition_loop,10.0,"{'input': 352, 'output': 1}",,
GPT-4 Judge,0.0,reject,724.585771560669,0.0028100000000000004,,,,sample_0097,True,semantic_drift,10.0,"{'input': 278, 'output': 1}",,
GPT-4 Judge,0.0,reject,668.5769557952881,0.0028699999999999997,,,,sample_0098,True,incoherent,10.0,"{'input': 284, 'output': 1}",,
GPT-4 Judge,0.0,reject,2021.846055984497,0.00315,,,,sample_0099,False,normal,10.0,"{'input': 312, 'output': 1}",,
SelfCheckGPT,0.8478352963924408,accept,5412.944793701172,0.000498,,,,sample_0000,True,repetition_loop,,,"[0.9804354906082153, 0.9804354906082153, 0.9804354906082153, 0.31743451952934265, 0.9804354906082153]",5.0
SelfCheckGPT,0.31831947416067125,reject,5347.091913223267,0.0008400000000000001,,,,sample_0001,True,semantic_drift,,,"[0.29359567165374756, 0.2712830603122711, 0.6878083348274231, 0.2532063126564026, 0.08570399135351181]",5.0
SelfCheckGPT,0.5759723484516144,reject,4432.031154632568,0.0007985,,,,sample_0002,True,incoherent,,,"[0.40707001090049744, 0.4517386555671692, 0.7729899883270264, 0.5493768453598022, 0.6986862421035767]",5.0
SelfCheckGPT,0.9449727535247803,accept,3100.3057956695557,0.00029,,,,sample_0003,False,normal,,,"[0.9449727535247803, 0.9449727535247803, 0.9449727535247803, 0.9449727535247803, 0.9449727535247803]",5.0
SelfCheckGPT,0.9689427495002747,accept,3820.7499980926514,0.00043,,,,sample_0004,True,repetition_loop,,,"[0.9804354906082153, 0.9800248742103577, 0.9237930178642273, 0.9804354906082153, 0.9800248742103577]",5.0
SelfCheckGPT,0.43764926195144654,reject,5138.47804069519,0.00098,,,,sample_0005,True,semantic_drift,,,"[0.35972434282302856, 0.4765474200248718, 0.3032473623752594, 0.3609188497066498, 0.6878083348274231]",5.0
SelfCheckGPT,0.5862183511257172,reject,6851.786851882935,0.0012584999999999999,,,,sample_0006,True,incoherent,,,"[0.5490222573280334, 0.5802023410797119, 0.7591278553009033, 0.38028767704963684, 0.6624516248703003]",5.0
SelfCheckGPT,0.9544546604156494,accept,2619.701147079468,0.00029,,,,sample_0007,False,normal,,,"[0.9449727535247803, 0.9449727535247803, 0.9686775207519531, 0.9686775207519531, 0.9449727535247803]",5.0
SelfCheckGPT,0.9804354906082153,accept,3577.0480632781982,0.00049,,,,sample_0008,True,repetition_loop,,,"[0.9804354906082153, 0.9804354906082153, 0.9804354906082153, 0.9804354906082153, 0.9804354906082153]",5.0
SelfCheckGPT,0.5407629996538162,reject,4494.12727355957,0.000574,,,,sample_0009,True,semantic_drift,,,"[0.6878083348274231, 0.6251465678215027, 0.2083919197320938, 0.4946598410606384, 0.6878083348274231]",5.0
SelfCheckGPT,0.5168959617614746,reject,6677.834987640381,0.0013365,,,,sample_0010,True,incoherent,,,"[0.46318313479423523, 0.4941689074039459, 0.6269675493240356, 0.4382965564727783, 0.5618636608123779]",5.0
SelfCheckGPT,0.9585267543792725,accept,3009.080171585083,0.00029,,,,sample_0011,False,normal,,,"[0.9552268981933594, 0.9717261791229248, 0.9552268981933594, 0.9552268981933594, 0.9552268981933594]",5.0
SelfCheckGPT,0.9802712440490723,accept,3187.035083770752,0.00041,,,,sample_0012,True,repetition_loop,,,"[0.9800248742103577, 0.9800248742103577, 0.9804354906082153, 0.9804354906082153, 0.9804354906082153]",5.0
SelfCheckGPT,0.24431257620453833,reject,5134.4850063323975,0.0007819999999999999,,,,sample_0013,True,semantic_drift,,,"[0.04365365579724312, 0.22638380527496338, 0.258209764957428, 0.3828764855861664, 0.31043916940689087]",5.0
SelfCheckGPT,0.43003901839256287,reject,3947.4291801452637,0.0007485,,,,sample_0014,True,incoherent,,,"[0.33840805292129517, 0.6902982592582703, 0.23650416731834412, 0.49235090613365173, 0.39263370633125305]",5.0
SelfCheckGPT,0.9449727535247803,accept,2806.3271045684814,0.00029,,,,sample_0015,False,normal,,,"[0.9449727535247803, 0.9449727535247803, 0.9449727535247803, 0.9449727535247803, 0.9449727535247803]",5.0
SelfCheckGPT,0.9811364054679871,accept,3420.1300144195557,0.00045,,,,sample_0016,True,repetition_loop,,,"[0.981515109539032, 0.9810417294502258, 0.9810417294502258, 0.9810417294502258, 0.9810417294502258]",5.0
SelfCheckGPT,0.3575440142303705,reject,5289.942979812622,0.000754,,,,sample_0017,True,semantic_drift,,,"[0.01562105305492878, 0.5487332940101624, 0.34560608863830566, 0.6878083348274231, 0.18995130062103271]",5.0
SelfCheckGPT,0.4280578911304474,reject,4843.601942062378,0.0007144999999999999,,,,sample_0018,True,incoherent,,,"[0.6793038249015808, 0.26809102296829224, 0.2562122046947479, 0.6713709235191345, 0.26531147956848145]",5.0
SelfCheckGPT,0.7727911911904812,accept,479691.2450790405,0.000392,,,,sample_0019,False,normal,,,"[0.060360174626111984, 0.9686775207519531, 0.9449727535247803, 0.9449727535247803, 0.9449727535247803]",5.0
SelfCheckGPT,0.964372169971466,accept,3966.5300846099854,0.00051,,,,sample_0020,True,repetition_loop,,,"[0.9810417294502258, 0.9810417294502258, 0.897693932056427, 0.9810417294502258, 0.9810417294502258]",5.0
SelfCheckGPT,0.5248252302408218,reject,3309.5128536224365,0.000508,,,,sample_0021,True,semantic_drift,,,"[0.6878083348274231, 0.6878083348274231, 0.23986224830150604, 0.4056415855884552, 0.6030056476593018]",5.0
SelfCheckGPT,0.3908297270536423,reject,6241.081953048706,0.0009464999999999999,,,,sample_0022,True,incoherent,,,"[0.18225856125354767, 0.29405105113983154, 0.2278936803340912, 0.6114328503608704, 0.6385124921798706]",5.0
SelfCheckGPT,0.7826041370630265,accept,3555.6859970092773,0.00039,,,,sample_0023,False,normal,,,"[0.13312967121601105, 0.9449727535247803, 0.9449727535247803, 0.9449727535247803, 0.9449727535247803]",5.0
SelfCheckGPT,0.9801891207695007,accept,3012.209177017212,0.00037,,,,sample_0024,True,repetition_loop,,,"[0.9804354906082153, 0.9800248742103577, 0.9800248742103577, 0.9800248742103577, 0.9804354906082153]",5.0
SelfCheckGPT,0.10042564608156682,reject,4419.473886489868,0.0006819999999999999,,,,sample_0025,True,semantic_drift,,,"[0.037143103778362274, 0.07990026473999023, 0.18368732929229736, 0.017710203304886818, 0.18368732929229736]",5.0
SelfCheckGPT,0.5728651642799377,reject,5102.025985717773,0.0010465,,,,sample_0026,True,incoherent,,,"[0.7075825929641724, 0.7301368713378906, 0.5547122359275818, 0.6498589515686035, 0.22203516960144043]",5.0
SelfCheckGPT,0.9449727535247803,accept,3119.68994140625,0.00029,,,,sample_0027,False,normal,,,"[0.9449727535247803, 0.9449727535247803, 0.9449727535247803, 0.9449727535247803, 0.9449727535247803]",5.0
SelfCheckGPT,0.9801891207695007,accept,3095.1342582702637,0.00037,,,,sample_0028,True,repetition_loop,,,"[0.9800248742103577, 0.9804354906082153, 0.9800248742103577, 0.9800248742103577, 0.9804354906082153]",5.0
SelfCheckGPT,0.29891943484544753,reject,3733.1271171569824,0.000538,,,,sample_0029,True,semantic_drift,,,"[0.6878083348274231, 0.06543231755495071, 0.21396340429782867, 0.24802379310131073, 0.2793693244457245]",5.0
SelfCheckGPT,0.5278553307056427,reject,6324.872016906738,0.0011944999999999998,,,,sample_0030,True,incoherent,,,"[0.29029715061187744, 0.48656001687049866, 0.5125640034675598, 0.7112899422645569, 0.6385655403137207]",5.0
SelfCheckGPT,0.9449727535247803,accept,2824.610948562622,0.00029,,,,sample_0031,False,normal,,,"[0.9449727535247803, 0.9449727535247803, 0.9449727535247803, 0.9449727535247803, 0.9449727535247803]",5.0
SelfCheckGPT,0.8023444816470147,accept,3355.5829524993896,0.000574,,,,sample_0032,True,repetition_loop,,,"[0.9804354906082153, 0.0908016785979271, 0.9804354906082153, 0.9800248742103577, 0.9800248742103577]",5.0
SelfCheckGPT,0.4627635836601257,reject,4005.1536560058594,0.000682,,,,sample_0033,True,semantic_drift,,,"[0.6878083348274231, 0.5322935581207275, 0.5755175352096558, 0.2599887251853943, 0.258209764957428]",5.0
SelfCheckGPT,0.4610829293727875,reject,5875.182867050171,0.0009384999999999999,,,,sample_0034,True,incoherent,,,"[0.7721519470214844, 0.27268362045288086, 0.7350450158119202, 0.22342631220817566, 0.3021077513694763]",5.0
SelfCheckGPT,0.9449727535247803,accept,2851.435899734497,0.00029,,,,sample_0035,False,normal,,,"[0.9449727535247803, 0.9449727535247803, 0.9449727535247803, 0.9449727535247803, 0.9449727535247803]",5.0
SelfCheckGPT,0.6094577871263027,reject,3869.1487312316895,0.00044,,,,sample_0036,True,repetition_loop,,,"[0.9834176898002625, 0.0531977079808712, 0.045960500836372375, 0.9834176898002625, 0.9812953472137451]",5.0
SelfCheckGPT,0.28155005648732184,reject,5838.137865066528,0.000834,,,,sample_0037,True,semantic_drift,,,"[0.5818381309509277, 0.05909602716565132, 0.1808771938085556, 0.13220590353012085, 0.45373302698135376]",5.0
SelfCheckGPT,0.3526784092187881,reject,7743.178129196167,0.0010364999999999999,,,,sample_0038,True,incoherent,,,"[0.3284461200237274, 0.5405004024505615, 0.24253538250923157, 0.13456089794635773, 0.5173492431640625]",5.0
SelfCheckGPT,0.8703838229179383,accept,2800.107717514038,0.00030199999999999997,,,,sample_0039,False,normal,,,"[0.9449727535247803, 0.9449727535247803, 0.5720281004905701, 0.9449727535247803, 0.9449727535247803]",5.0
SelfCheckGPT,0.8073073357343674,accept,3564.2590522766113,0.00047599999999999997,,,,sample_0040,True,repetition_loop,,,"[0.9804354906082153, 0.9804354906082153, 0.11479471623897552, 0.9804354906082153, 0.9804354906082153]",5.0
SelfCheckGPT,0.35990107506513597,reject,3101.0091304779053,0.00045000000000000004,,,,sample_0041,True,semantic_drift,,,"[0.6878083348274231, 0.12544511258602142, 0.6878083348274231, 0.18579263985157013, 0.11265095323324203]",5.0
SelfCheckGPT,0.5065599203109741,reject,5163.844108581543,0.0007645,,,,sample_0042,True,incoherent,,,"[0.5573745369911194, 0.3963669240474701, 0.5094902515411377, 0.5968064069747925, 0.47276148200035095]",5.0
SelfCheckGPT,0.6547022582963109,reject,3402.359962463379,0.000434,,,,sample_0043,False,normal,,,"[0.9449727535247803, 0.00563508365303278, 0.832909107208252, 0.9449727535247803, 0.5450215935707092]",5.0
SelfCheckGPT,0.7586691664531827,accept,3306.4498901367188,0.00045,,,,sample_0044,True,repetition_loop,,,"[0.981515109539032, 0.9810417294502258, 0.002590321935713291, 0.9810417294502258, 0.8471569418907166]",5.0
SelfCheckGPT,0.3314341943711042,reject,5748.631954193115,0.0009780000000000001,,,,sample_0045,True,semantic_drift,,,"[0.6570168137550354, 0.22256217896938324, 0.41392287611961365, 0.012166595086455345, 0.35150250792503357]",5.0
SelfCheckGPT,0.38534455597400663,reject,3447.971820831299,0.0006925,,,,sample_0046,True,incoherent,,,"[0.3953293561935425, 0.2387164682149887, 0.34479469060897827, 0.3466937243938446, 0.6011885404586792]",5.0
SelfCheckGPT,0.9449727535247803,accept,2461.097002029419,0.00029,,,,sample_0047,False,normal,,,"[0.9449727535247803, 0.9449727535247803, 0.9449727535247803, 0.9449727535247803, 0.9449727535247803]",5.0
SelfCheckGPT,0.8675099909305573,accept,3641.7548656463623,0.000606,,,,sample_0048,True,repetition_loop,,,"[0.981515109539032, 0.981515109539032, 0.9810417294502258, 0.9810417294502258, 0.41243627667427063]",5.0
SelfCheckGPT,0.4081610172986984,reject,4167.474985122681,0.000714,,,,sample_0049,True,semantic_drift,,,"[0.1927952766418457, 0.5340903401374817, 0.17393697798252106, 0.4521741569042206, 0.6878083348274231]",5.0
SelfCheckGPT,0.39490399956703187,reject,4600.409984588623,0.0006325,,,,sample_0050,True,incoherent,,,"[0.6291901469230652, 0.2585456371307373, 0.30564361810684204, 0.5644951462745667, 0.21664544939994812]",5.0
SelfCheckGPT,0.7721703939139843,accept,3280.475854873657,0.000404,,,,sample_0051,False,normal,,,"[0.9552268981933594, 0.9552268981933594, 0.023445095866918564, 0.9552268981933594, 0.9717261791229248]",5.0
SelfCheckGPT,0.9803533673286438,accept,3648.3919620513916,0.00045,,,,sample_0052,True,repetition_loop,,,"[0.9804354906082153, 0.9804354906082153, 0.9804354906082153, 0.9804354906082153, 0.9800248742103577]",5.0
SelfCheckGPT,0.27079735696315765,reject,3485.6178760528564,0.000506,,,,sample_0053,True,semantic_drift,,,"[0.5302913784980774, 0.18579263985157013, 0.10252243280410767, 0.21930718421936035, 0.31607314944267273]",5.0
SelfCheckGPT,0.4759938299655914,reject,5475.456953048706,0.0009285000000000001,,,,sample_0054,True,incoherent,,,"[0.6218395233154297, 0.46109554171562195, 0.6941211819648743, 0.2642154097557068, 0.33869749307632446]",5.0
SelfCheckGPT,0.9449727535247803,accept,2563.8699531555176,0.00029,,,,sample_0055,False,normal,,,"[0.9449727535247803, 0.9449727535247803, 0.9449727535247803, 0.9449727535247803, 0.9449727535247803]",5.0
SelfCheckGPT,0.9802712440490723,accept,3704.8821449279785,0.00041,,,,sample_0056,True,repetition_loop,,,"[0.9804354906082153, 0.9804354906082153, 0.9800248742103577, 0.9800248742103577, 0.9804354906082153]",5.0
SelfCheckGPT,0.5360305070877075,reject,3850.832939147949,0.0004919999999999999,,,,sample_0057,True,semantic_drift,,,"[0.3476037085056305, 0.6878083348274231, 0.2691238224506378, 0.6878083348274231, 0.6878083348274231]",5.0
SelfCheckGPT,0.5688692927360535,reject,7847.0618724823,0.0013525000000000002,,,,sample_0058,True,incoherent,,,"[0.267580509185791, 0.6330112218856812, 0.6973219513893127, 0.5621864199638367, 0.6842463612556458]",5.0
SelfCheckGPT,0.9449727535247803,accept,3345.2000617980957,0.00029,,,,sample_0059,False,normal,,,"[0.9449727535247803, 0.9449727535247803, 0.9449727535247803, 0.9449727535247803, 0.9449727535247803]",5.0
SelfCheckGPT,0.9803533673286438,accept,3498.6019134521484,0.00045,,,,sample_0060,True,repetition_loop,,,"[0.9804354906082153, 0.9800248742103577, 0.9804354906082153, 0.9804354906082153, 0.9804354906082153]",5.0
SelfCheckGPT,0.28111375086009505,reject,7051.623821258545,0.00101,,,,sample_0061,True,semantic_drift,,,"[0.5824263691902161, 0.24326258897781372, 0.32330265641212463, 0.2264396995306015, 0.0301374401897192]",5.0
SelfCheckGPT,0.3688971608877182,reject,3747.17116355896,0.0004825,,,,sample_0062,True,incoherent,,,"[0.6035370826721191, 0.1420920491218567, 0.6495848894119263, 0.2200171798467636, 0.2292546033859253]",5.0
SelfCheckGPT,0.9063551783561706,accept,3215.825080871582,0.000444,,,,sample_0063,False,normal,,,"[0.9449727535247803, 0.9449727535247803, 0.9449727535247803, 0.7518848776817322, 0.9449727535247803]",5.0
SelfCheckGPT,0.9801069974899292,accept,3179.0640354156494,0.00033,,,,sample_0064,True,repetition_loop,,,"[0.9800248742103577, 0.9800248742103577, 0.9800248742103577, 0.9804354906082153, 0.9800248742103577]",5.0
SelfCheckGPT,0.27181855887174605,reject,4444.153070449829,0.000698,,,,sample_0065,True,semantic_drift,,,"[0.030052781105041504, 0.4048629403114319, 0.2926795780658722, 0.5584734678268433, 0.07302402704954147]",5.0
SelfCheckGPT,0.44847052097320556,reject,4762.621879577637,0.0008144999999999999,,,,sample_0066,True,incoherent,,,"[0.3753209710121155, 0.4417392909526825, 0.43568041920661926, 0.6433495879173279, 0.3462623357772827]",5.0
SelfCheckGPT,0.8709188222885131,accept,2731.8780422210693,0.000298,,,,sample_0067,False,normal,,,"[0.9449727535247803, 0.5747030973434448, 0.9449727535247803, 0.9449727535247803, 0.9449727535247803]",5.0
SelfCheckGPT,0.9803533673286438,accept,3416.6297912597656,0.00045,,,,sample_0068,True,repetition_loop,,,"[0.9804354906082153, 0.9804354906082153, 0.9804354906082153, 0.9804354906082153, 0.9800248742103577]",5.0
SelfCheckGPT,0.3014794737100601,reject,3791.869878768921,0.0006360000000000001,,,,sample_0069,True,semantic_drift,,,"[0.25657913088798523, 0.16628789901733398, 0.11961917579174042, 0.4790216088294983, 0.4858895540237427]",5.0
SelfCheckGPT,0.20617181062698364,reject,6216.226816177368,0.0009664999999999999,,,,sample_0070,True,incoherent,,,"[0.38030409812927246, 0.05580660700798035, 0.2778646945953369, 0.21405838429927826, 0.10282526910305023]",5.0
SelfCheckGPT,0.6135917857289315,reject,4018.0070400238037,0.0005420000000000001,,,,sample_0071,False,normal,,,"[0.12734177708625793, 0.9552268981933594, 0.058437176048755646, 0.9717261791229248, 0.9552268981933594]",5.0
SelfCheckGPT,0.40566805405542256,reject,3624.6628761291504,0.000546,,,,sample_0072,True,repetition_loop,,,"[0.020037459209561348, 0.9834176898002625, 0.03823849558830261, 0.9834176898002625, 0.00322893587872386]",5.0
SelfCheckGPT,0.1910104848444462,reject,5660.109043121338,0.0009119999999999999,,,,sample_0073,True,semantic_drift,,,"[0.05370479077100754, 0.31049883365631104, 0.40404295921325684, 0.13801178336143494, 0.048794057220220566]",5.0
SelfCheckGPT,0.2292294755578041,reject,5976.7701625823975,0.0009525,,,,sample_0074,True,incoherent,,,"[0.16733023524284363, 0.3594744801521301, 0.08131451904773712, 0.43407586216926575, 0.10395228117704391]",5.0
SelfCheckGPT,0.9449727535247803,accept,2811.818838119507,0.00029,,,,sample_0075,False,normal,,,"[0.9449727535247803, 0.9449727535247803, 0.9449727535247803, 0.9449727535247803, 0.9449727535247803]",5.0
SelfCheckGPT,0.7785035327076912,accept,3744.3180084228516,0.000466,,,,sample_0076,True,repetition_loop,,,"[0.9237930178642273, 0.9804354906082153, 0.9804354906082153, 0.027828790247440338, 0.9800248742103577]",5.0
SelfCheckGPT,0.36460407078266144,reject,4678.063154220581,0.000786,,,,sample_0077,True,semantic_drift,,,"[0.34556201100349426, 0.6878083348274231, 0.4423508048057556, 0.016971662640571594, 0.3303275406360626]",5.0
SelfCheckGPT,0.3817151844501495,reject,5538.974761962891,0.0009885,,,,sample_0078,True,incoherent,,,"[0.48319241404533386, 0.158794105052948, 0.425472617149353, 0.3575362265110016, 0.4835805594921112]",5.0
SelfCheckGPT,0.7891051024198532,accept,2768.3639526367188,0.000418,,,,sample_0079,False,normal,,,"[0.9686775207519531, 0.1419297307729721, 0.9449727535247803, 0.9449727535247803, 0.9449727535247803]",5.0
SelfCheckGPT,0.8145600110292435,accept,3877.638816833496,0.000406,,,,sample_0080,True,repetition_loop,,,"[0.9800248742103577, 0.9804354906082153, 0.9800248742103577, 0.9804354906082153, 0.15187932550907135]",5.0
SelfCheckGPT,0.36389471367001536,reject,4527.170658111572,0.000786,,,,sample_0081,True,semantic_drift,,,"[0.3844330608844757, 0.6289212107658386, 0.015266697853803635, 0.10304426401853561, 0.6878083348274231]",5.0
SelfCheckGPT,0.42816769480705263,reject,4844.889163970947,0.0007065000000000001,,,,sample_0082,True,incoherent,,,"[0.3204495906829834, 0.381229430437088, 0.7046162486076355, 0.38013535737991333, 0.3544078469276428]",5.0
SelfCheckGPT,0.9087668299674988,accept,3132.284164428711,0.000482,,,,sample_0083,False,normal,,,"[0.9449727535247803, 0.9449727535247803, 0.9449727535247803, 0.9449727535247803, 0.7639431357383728]",5.0
SelfCheckGPT,0.9810417294502258,accept,3372.831106185913,0.00049,,,,sample_0084,True,repetition_loop,,,"[0.9810417294502258, 0.9810417294502258, 0.9810417294502258, 0.9810417294502258, 0.9810417294502258]",5.0
SelfCheckGPT,0.2927767805755138,reject,4375.007629394531,0.0007199999999999999,,,,sample_0085,True,semantic_drift,,,"[0.09839925169944763, 0.051749300211668015, 0.6878083348274231, 0.18849845230579376, 0.4374285638332367]",5.0
SelfCheckGPT,0.4130642771720886,reject,5053.360939025879,0.0005744999999999999,,,,sample_0086,True,incoherent,,,"[0.34304046630859375, 0.35046014189720154, 0.7599467039108276, 0.16259756684303284, 0.44927650690078735]",5.0
SelfCheckGPT,0.9449727535247803,accept,3258.535861968994,0.00029,,,,sample_0087,False,normal,,,"[0.9449727535247803, 0.9449727535247803, 0.9449727535247803, 0.9449727535247803, 0.9449727535247803]",5.0
SelfCheckGPT,0.9786834359169007,accept,4239.449262619019,0.000492,,,,sample_0088,True,repetition_loop,,,"[0.9804354906082153, 0.9804354906082153, 0.9716752171516418, 0.9804354906082153, 0.9804354906082153]",5.0
SelfCheckGPT,0.28980514109134675,reject,5775.017976760864,0.000692,,,,sample_0089,True,semantic_drift,,,"[0.20215515792369843, 0.3697068393230438, 0.24089756608009338, 0.31664830446243286, 0.3196178376674652]",5.0
SelfCheckGPT,0.3886161118745804,reject,7356.086015701294,0.0014904999999999999,,,,sample_0090,True,incoherent,,,"[0.41964030265808105, 0.5284726619720459, 0.23794879019260406, 0.22895997762680054, 0.5280588269233704]",5.0
SelfCheckGPT,0.7023259103298187,accept,3557.53493309021,0.00051,,,,sample_0091,False,normal,,,"[0.9449727535247803, 0.9449727535247803, 0.17818203568458557, 0.9449727535247803, 0.49852925539016724]",5.0
SelfCheckGPT,0.9686484456062316,accept,3163.490056991577,0.000456,,,,sample_0092,True,repetition_loop,,,"[0.9804354906082153, 0.9800248742103577, 0.9804354906082153, 0.9219108819961548, 0.9804354906082153]",5.0
SelfCheckGPT,0.27610872872173786,reject,4793.830156326294,0.0007400000000000001,,,,sample_0093,True,semantic_drift,,,"[0.22162918746471405, 0.022211993113160133, 0.2533150017261505, 0.6878083348274231, 0.19557912647724152]",5.0
SelfCheckGPT,0.46873986124992373,reject,4696.944952011108,0.0008064999999999999,,,,sample_0094,True,incoherent,,,"[0.6649466753005981, 0.39407315850257874, 0.2797428369522095, 0.6555888652801514, 0.3493477702140808]",5.0
SelfCheckGPT,0.8968672394752503,accept,3597.604990005493,0.00039600000000000003,,,,sample_0095,False,normal,,,"[0.7044451832771301, 0.9449727535247803, 0.9449727535247803, 0.9449727535247803, 0.9449727535247803]",5.0
SelfCheckGPT,0.6859734922647476,reject,3715.3711318969727,0.000496,,,,sample_0096,True,repetition_loop,,,"[0.9804354906082153, 0.9804354906082153, 0.1447179764509201, 0.34425362944602966, 0.9800248742103577]",5.0
SelfCheckGPT,0.24934725034981967,reject,4981.184005737305,0.000772,,,,sample_0097,True,semantic_drift,,,"[0.1566634625196457, 0.6878083348274231, 0.21111580729484558, 0.005356007255613804, 0.18579263985157013]",5.0
SelfCheckGPT,0.3343785613775253,reject,3266.925096511841,0.0004985,,,,sample_0098,True,incoherent,,,"[0.3571767210960388, 0.3881053924560547, 0.4495198726654053, 0.18668709695339203, 0.29040372371673584]",5.0
SelfCheckGPT,0.7581182889640331,accept,4089.987277984619,0.0004,,,,sample_0099,False,normal,,,"[0.9449727535247803, 0.9449727535247803, 0.01070043072104454, 0.9449727535247803, 0.9449727535247803]",5.0
